City,Lat,Lng,Max Temp,Humidity,Cloudiness,Wind Speed,Country,Date
George Town,5.4112,100.3354,30.96,84,40,0.45,MY,1628567407
Zhigansk,66.7697,123.3711,21.52,41,98,8.76,RU,1628567625
Vila Franca do Campo,37.7167,-25.4333,20.23,82,36,1.25,PT,1628567626
Ponta do Sol,32.6667,-17.1,21.51,79,27,1.04,PT,1628567626
Hobart,-42.8794,147.3294,19.03,49,75,1.79,AU,1628567486
Yellowknife,62.456,-114.3525,13.29,100,75,2.57,CA,1628567611
Ushuaia,-54.8,-68.3,3.81,81,90,15.95,AR,1628567627
Nikolskoye,59.7035,30.7861,16.12,87,8,1.69,RU,1628567627
Cape Town,-33.9258,18.4232,8.95,93,0,0.51,ZA,1628567243
Butaritari,3.0707,172.7902,28.28,68,43,5.06,KI,1628567377
Mar del Plata,-38.0023,-57.5575,5.01,87,40,1.54,AR,1628567095
Maniitsoq,65.4167,-52.9,7.99,71,100,6.63,GL,1628567514
Talara,-4.5772,-81.2719,18.9,77,69,8.52,PE,1628567515
Pala,9.3642,14.9046,21.19,96,99,2.53,TD,1628567515
Busselton,-33.65,115.3333,9.49,69,93,11.94,AU,1628567038
Mataura,-46.1927,168.8643,10.27,97,100,3.87,NZ,1628567381
Port Blair,11.6667,92.75,30.02,89,40,2.06,IN,1628567515
Salalah,17.0151,54.0924,24.41,94,100,4.07,OM,1628567442
Ribeira Grande,38.5167,-28.7,21.96,84,0,1.73,PT,1628567445
Asău,46.4333,26.4,17.51,90,5,1.33,RO,1628567516
Severo-Kuril'sk,50.6789,156.125,14.29,77,31,3.43,RU,1628567299
Puerto Ayora,-0.7393,-90.3518,20.87,79,39,3.24,EC,1628567476
Leningradskiy,69.3833,178.4167,6.84,71,44,3.55,RU,1628567517
Sinnamary,5.3833,-52.95,25.5,88,13,4.58,GF,1628567366
Bredasdorp,-34.5322,20.0403,5.62,81,0,0.51,ZA,1628567297
Chicama,-7.8447,-79.1469,16.3,85,11,2.38,PE,1628567517
Aklavik,68.2191,-135.0107,9.46,73,100,3.54,CA,1628567235
Saskylakh,71.9167,114.0833,22.79,56,99,1.8,RU,1628567365
New Norfolk,-42.7826,147.0587,18.84,48,22,2.24,AU,1628567379
Chokurdakh,70.6333,147.9167,20.41,39,88,4.62,RU,1628567449
Yulara,-25.2406,130.9889,25.91,11,0,8.23,AU,1628567452
Oddur,4.1213,43.8894,20.93,78,91,7.14,SO,1628567518
Srednekolymsk,67.45,153.6833,26.08,29,51,3.75,RU,1628567519
Rikitea,-23.1203,-134.9692,22.45,80,79,8.72,PF,1628567303
Albany,42.6001,-73.9662,22.24,84,4,1.66,US,1628567032
Atuona,-9.8,-139.0333,25.53,73,20,9.27,PF,1628567297
Bridlington,54.0831,-0.1919,13.49,85,40,3.61,GB,1628567519
Bluff,-46.6,168.3333,10.45,85,99,10.29,NZ,1628567300
Fort Stewart,31.8722,-81.61,26.93,66,1,0.0,US,1628567520
Margate,51.3813,1.3862,15.84,92,11,0.89,GB,1628567520
Dothan,31.2232,-85.3905,26.76,86,81,1.54,US,1628567520
Hermanus,-34.4187,19.2345,8.83,74,0,2.72,ZA,1628567428
Myrtle Beach,33.6891,-78.8867,27.25,90,75,2.57,US,1628567460
Port Alfred,-33.5906,26.891,12.7,71,90,6.26,ZA,1628567428
Caririaçu,-7.0422,-39.2836,22.05,73,0,2.57,BR,1628567521
Saint Paul Harbor,57.79,-152.4072,10.88,98,100,3.07,US,1628567379
Cabo San Lucas,22.8909,-109.9124,28.92,88,57,0.89,MX,1628567475
Pevek,69.7008,170.3133,6.19,71,79,2.44,RU,1628567364
Luanda,-8.8368,13.2343,22.0,94,75,1.03,AO,1628567522
Khatanga,71.9667,102.5,21.52,40,97,3.1,RU,1628567447
Kapaa,22.0752,-159.319,29.18,66,1,0.89,US,1628567372
Punta Arenas,-53.15,-70.9167,5.06,81,75,16.98,CL,1628567284
Qaanaaq,77.484,-69.3632,3.65,74,89,3.36,GL,1628567448
Jamestown,42.097,-79.2353,24.84,73,1,3.6,US,1628567368
Hilo,19.7297,-155.09,24.58,90,35,0.45,US,1628567293
Longyearbyen,78.2186,15.6401,3.91,100,75,0.0,SJ,1628567368
Tocantins,-10.5,-48.0,20.16,39,4,1.39,BR,1628567523
Alofi,-19.0595,-169.9187,24.94,88,40,4.12,NU,1628567523
Vaini,-21.2,-175.2,22.09,83,75,5.66,TO,1628567441
Burnie,-41.0667,145.9167,13.04,77,84,4.99,AU,1628567524
Lusambo,-4.9667,23.45,19.05,82,3,0.52,CD,1628567524
Husavik,66.0449,-17.3389,7.95,77,69,0.39,IS,1628567450
Hithadhoo,-0.6,73.0833,27.44,70,63,0.17,MV,1628567454
Lázaro Cárdenas,17.9583,-102.2,25.47,86,100,1.87,MX,1628567457
Yerbogachën,61.2767,108.0108,24.17,37,17,3.96,RU,1628567525
Hong Kong,22.2855,114.1577,31.09,84,99,3.04,HK,1628567525
Saldanha,-33.0117,17.9442,5.03,73,0,3.46,ZA,1628567526
Quatre Cocos,-20.2078,57.7625,22.27,82,46,3.2,MU,1628567526
Zemio,5.0314,25.1361,19.24,97,89,1.54,CF,1628567481
Cidreira,-30.1811,-50.2056,16.96,89,96,1.7,BR,1628567526
Grenå,56.4158,10.8783,15.12,94,100,5.01,DK,1628567527
Dīr,35.2058,71.8756,25.81,57,0,1.48,PK,1628567527
Aripuanã,-9.1667,-60.6333,24.14,47,4,1.13,BR,1628567528
Parabel',58.6978,81.4825,21.67,60,90,2.04,RU,1628567528
Mizdah,31.4451,12.9801,22.41,52,0,2.43,LY,1628567528
Saint George,37.1041,-113.5841,36.33,17,1,0.89,US,1628567365
Mahébourg,-20.4081,57.7,22.36,94,20,2.57,MU,1628567442
Norman Wells,65.282,-126.8329,11.02,93,75,4.63,CA,1628567300
Verkhnyaya Inta,65.9811,60.3094,12.61,67,45,1.64,RU,1628567529
West Wendover,40.7391,-114.0733,25.56,19,1,2.57,US,1628567529
Shīeli,44.1667,66.75,27.99,34,0,6.98,KZ,1628567530
Hobyo,5.3505,48.5268,25.11,79,37,9.33,SO,1628567530
Bengkulu,-3.8004,102.2655,28.56,69,82,1.89,ID,1628567530
Port Elizabeth,-33.918,25.5701,11.16,66,75,3.6,ZA,1628567459
Clyde River,70.4692,-68.5914,2.13,100,90,6.69,CA,1628567531
Mehamn,71.0357,27.8492,15.1,69,90,2.94,NO,1628567531
Sterling,39.0062,-77.4286,26.99,84,40,3.09,US,1628567298
Tambopata,-12.7333,-69.1833,26.38,47,94,0.58,PE,1628567532
Hualmay,-11.0964,-77.6139,16.58,84,46,4.19,PE,1628567532
Acaraú,-2.8856,-40.12,26.21,77,6,7.02,BR,1628567533
Tuatapere,-46.1333,167.6833,10.46,92,100,4.55,NZ,1628567533
Avarua,-21.2078,-159.775,26.03,78,3,2.57,CK,1628567442
Lebu,-37.6167,-73.65,8.06,87,3,7.92,CL,1628567436
Udala,43.0778,-2.5125,16.01,95,30,0.4,ES,1628567534
Fountain,38.6822,-104.7008,27.7,26,20,3.09,US,1628567401
Ixtapa,20.7,-105.2,26.79,91,100,0.45,MX,1628567534
Torbay,47.6666,-52.7314,10.43,88,1,3.6,CA,1628567534
Cullman,34.1748,-86.8436,26.36,86,1,1.54,US,1628567535
Bethel,41.3712,-73.414,21.51,91,1,0.0,US,1628567431
Barrow,71.2906,-156.7887,4.01,81,90,2.06,US,1628567453
Klaksvík,62.2266,-6.589,9.51,95,97,3.55,FO,1628567452
Russell,32.3502,-85.1999,25.62,87,1,0.0,US,1628567535
Tasiilaq,65.6145,-37.6368,5.42,94,100,2.12,GL,1628567468
Aswān,24.0934,32.907,29.61,28,0,5.14,EG,1628567486
Beïnamar,8.6698,15.3813,20.89,96,96,1.95,TD,1628567536
Carnarvon,-24.8667,113.6333,19.04,51,40,7.72,AU,1628567367
Nantucket,41.2835,-70.0995,22.2,95,90,2.06,US,1628567432
Paris,48.8534,2.3488,17.65,93,75,1.03,FR,1628567270
East London,-33.0153,27.9116,13.68,59,69,5.5,ZA,1628567366
Dakar,14.6937,-17.4441,26.07,89,20,0.0,SN,1628567415
Saint Anthony,45.0205,-93.218,24.96,80,1,2.57,US,1628567537
Wewak,-3.5534,143.6268,29.18,68,17,3.05,PG,1628567537
Exeter,50.7236,-3.5275,14.29,95,0,1.52,GB,1628567538
Arraial do Cabo,-22.9661,-42.0278,20.39,86,8,10.62,BR,1628567429
Vanavara,60.34,102.2797,24.79,41,35,2.76,RU,1628567538
Losino-Petrovskiy,55.8696,38.2006,20.33,72,6,2.65,RU,1628567539
Wanning,18.8003,110.3967,32.74,62,100,5.34,CN,1628567539
Yaqui,27.3667,-110.1667,30.23,63,19,2.87,MX,1628567539
Kaitangata,-46.2817,169.8464,8.68,92,83,5.05,NZ,1628567415
Broken Hill,-31.95,141.4333,18.84,20,0,7.72,AU,1628567540
Tarko-Sale,64.9225,77.785,15.49,64,99,7.27,RU,1628567540
Bubaque,11.2833,-15.8333,26.06,83,100,3.88,GW,1628567540
Necochea,-38.5473,-58.7368,3.63,73,92,2.25,AR,1628567541
Ancud,-41.8697,-73.8203,6.35,86,55,2.35,CL,1628567468
Vila Velha,-20.3297,-40.2925,19.97,94,75,1.03,BR,1628567273
Ürümqi,43.801,87.6005,26.53,32,91,2.0,CN,1628567378
Kailua,21.4022,-157.7394,30.99,62,40,4.63,US,1628567541
Fairlie,55.756,-4.8556,13.95,92,24,2.26,GB,1628567542
Hasaki,35.7333,140.8333,37.12,62,9,8.24,JP,1628567465
Hamilton,39.1834,-84.5333,23.32,91,1,0.45,US,1628567457
Kahului,20.8947,-156.47,28.59,77,40,7.72,US,1628567542
Berlevåg,70.8578,29.0864,14.17,74,73,3.08,NO,1628567473
Nadezhda,44.1,44.6,25.98,57,59,4.01,RU,1628567543
Matagami,49.7502,-77.6328,21.06,100,1,2.06,CA,1628567543
Upernavik,72.7868,-56.1549,6.28,67,77,4.12,GL,1628567378
Kargil,34.5667,76.1,14.95,45,42,0.4,IN,1628567544
Lodwar,3.1191,35.5973,26.16,59,64,2.22,KE,1628567544
Puerto Colombia,10.9878,-74.9547,27.05,83,4,10.44,CO,1628567544
Belle Fourche,44.6714,-103.8522,20.8,45,0,1.47,US,1628567545
Saint-Philippe,-21.3585,55.7679,20.12,78,6,1.76,RE,1628567378
Korla,41.7597,86.1469,28.73,32,25,2.72,CN,1628567480
Vavuniya,8.7514,80.4971,31.09,57,93,4.71,LK,1628567545
Lagoa,39.05,-27.9833,21.49,84,51,3.5,PT,1628567436
Myitkyina,25.3833,97.4,24.83,99,100,0.84,MM,1628567546
Lorengau,-2.0226,147.2712,29.33,68,14,4.02,PG,1628567476
Coahuayana Viejo,18.7333,-103.6833,24.55,94,100,0.93,MX,1628567546
Calama,-22.4667,-68.9333,6.27,16,4,8.23,CL,1628567547
Geraldton,-28.7667,114.6,16.23,55,75,11.32,AU,1628567547
Guerrero Negro,27.9769,-114.0611,21.76,79,0,6.44,MX,1628567474
Iqaluit,63.7506,-68.5145,6.85,70,75,5.66,CA,1628567367
Severobaykal'sk,55.65,109.3167,16.41,62,76,1.0,RU,1628567548
Cape Coast,5.1053,-1.2466,23.28,92,94,2.94,GH,1628567548
Deputatsky,69.3,139.9,24.94,27,48,1.31,RU,1628567548
Fortuna,40.5982,-124.1573,15.05,69,1,0.45,US,1628567099
Limbang,4.75,115.0,28.06,86,80,0.78,MY,1628567549
Beihai,21.4833,109.1,30.95,73,92,5.93,CN,1628567549
Roald,62.5833,6.1333,16.03,100,90,1.54,NO,1628567549
Thompson,55.7435,-97.8558,14.09,77,20,1.54,CA,1628567439
Kashan,33.9831,51.4364,33.3,10,4,0.71,IR,1628567550
Esperance,-33.8667,121.9,8.91,75,50,11.84,AU,1628567302
Mahibadhoo,3.7833,72.9667,28.27,71,99,6.13,MV,1628567550
Padang,-0.9492,100.3543,28.03,75,100,0.96,ID,1628567551
Baykit,61.67,96.37,23.57,38,15,1.36,RU,1628567551
Juneau,58.3019,-134.4197,13.03,97,90,0.45,US,1628567267
Palu,-0.8917,119.8707,30.63,71,83,1.32,ID,1628567551
Cayenne,4.9333,-52.3333,26.72,84,0,0.0,GF,1628567479
Pisco,-13.7,-76.2167,14.03,82,4,2.06,PE,1628567416
Jacmel,18.2342,-72.5347,27.91,84,99,1.09,HT,1628567552
Paramonga,-10.6667,-77.8333,17.21,83,71,3.76,PE,1628567552
Bafra,41.5678,35.9069,21.08,86,99,3.47,TR,1628567553
San Borja,-14.8167,-66.85,23.99,55,21,1.41,BO,1628567553
Wau,7.7029,27.9953,20.35,98,89,1.46,SS,1628567553
Faanui,-16.4833,-151.75,26.17,73,3,6.99,PF,1628567554
Dikson,73.5069,80.5464,5.02,92,100,5.67,RU,1628567437
Oranjemund,-28.55,16.4333,11.49,56,0,4.62,NA,1628567554
Lata,40.1629,-8.3327,16.56,92,0,0.98,PT,1628567301
At-Bashi,41.1702,75.8106,20.98,27,0,1.67,KG,1628567555
Tiksi,71.6872,128.8694,13.8,62,81,2.51,RU,1628567438
Penzance,50.1186,-5.5371,14.56,91,1,4.42,GB,1628567555
Olinda,-8.0089,-34.8553,21.85,94,90,2.57,BR,1628567304
Bambous Virieux,-20.3428,57.7575,22.34,94,20,2.57,MU,1628567437
Sārangarh,21.6,83.0833,30.08,68,99,4.57,IN,1628567556
Chenzhou,25.8,113.0333,29.73,73,100,2.46,CN,1628567556
Boa Vista,2.8197,-60.6733,24.99,88,75,1.54,BR,1628567381
Atar,20.5169,-13.0499,29.0,28,32,4.85,MR,1628567482
Rurrenabaque,-14.4413,-67.5278,23.11,62,38,1.11,BO,1628567557
San Vicente,-26.6167,-54.1333,16.55,71,91,0.99,AR,1628567557
Terrace,54.5163,-128.6035,17.95,72,75,7.72,CA,1628567557
Wahiawā,21.5028,-158.0236,29.18,58,1,5.14,US,1628567558
San Cristobal,7.7669,-72.225,18.33,98,86,1.28,VE,1628567430
Vanimo,-2.6741,141.3028,29.34,64,14,3.24,PG,1628567558
Takoradze,4.8845,-1.7554,23.58,90,93,2.41,GH,1628567559
Provideniya,64.3833,-173.3,11.06,58,90,4.0,RU,1628567369
Puerto del Rosario,28.5004,-13.8627,20.86,68,100,5.66,ES,1628567559
Seoul,37.5683,126.9778,30.78,55,40,4.63,KR,1628567462
Belaya Gora,68.5333,146.4167,28.44,28,80,2.97,RU,1628567560
Conceição do Araguaia,-8.2578,-49.2647,24.07,57,0,1.54,BR,1628567560
Rawson,-43.3002,-65.1023,8.66,41,3,2.11,AR,1628567560
Manokwari,-0.8667,134.0833,28.8,67,75,3.66,ID,1628567561
Traverse City,44.7631,-85.6206,22.41,94,90,3.6,US,1628567275
Ambilobe,-13.2,49.05,19.53,85,1,1.42,MG,1628567561
Evensk,61.95,159.2333,16.99,60,38,4.09,RU,1628567562
Thinadhoo,0.5333,72.9333,27.83,72,91,3.32,MV,1628567562
Lompoc,34.6391,-120.4579,19.45,86,90,3.6,US,1628567136
Ilula,-7.6766,36.0366,11.59,91,43,1.82,TZ,1628567562
Sisimiut,66.9395,-53.6735,9.14,62,100,6.9,GL,1628567563
Salinas,36.6777,-121.6555,19.76,81,90,4.63,US,1628567315
Dabakala,8.3667,-4.4333,21.25,98,88,2.5,CI,1628567563
Bouna,9.2667,-3.0,21.02,96,87,2.94,CI,1628567563
Castro,-24.7911,-50.0119,14.04,64,11,1.46,BR,1628567454
Tuktoyaktuk,69.4541,-133.0374,5.0,81,90,3.6,CA,1628567248
Portland,45.5234,-122.6762,26.97,52,20,1.34,US,1628567111
Kavaratti,10.5669,72.642,27.5,78,100,7.31,IN,1628567432
Sitka,57.0531,-135.33,11.94,87,90,1.54,US,1628567382
Slave Lake,55.2834,-114.769,19.99,49,75,8.75,CA,1628567565
Phan Thiet,10.9333,108.1,33.24,56,59,7.19,VN,1628567449
La Asuncion,11.0333,-63.8628,26.85,89,91,2.57,VE,1628567565
Labuhan,-6.8844,112.2051,29.77,63,52,1.99,ID,1628567565
Faya,18.3851,42.4509,21.06,36,44,1.86,SA,1628567487
Meadow Lake,34.8014,-106.5436,29.26,30,92,3.79,US,1628567566
Pandan,14.0453,124.1694,29.46,66,100,1.65,PH,1628567566
Derzhavīnsk,51.1,66.3167,19.55,67,29,5.93,KZ,1628567566
Zimmi,7.3153,-11.3061,22.18,93,100,0.72,SL,1628567567
Xinxiang,35.3089,113.8672,30.5,61,99,2.96,CN,1628567567
Damaturu,11.747,11.9608,23.03,87,98,3.1,NG,1628567568
Araouane,18.9048,-3.5265,33.32,38,10,5.3,ML,1628567568
Caravelas,-17.7125,-39.2481,19.48,85,38,0.87,BR,1628567448
Majene,-3.5403,118.9707,29.88,63,60,4.14,ID,1628567568
Omsukchan,62.5333,155.8,20.93,34,59,1.95,RU,1628567569
Kyra,49.5776,111.9753,20.62,46,8,1.08,RU,1628567569
Yangi Marg`ilon,40.4272,71.7189,28.4,17,3,2.06,UZ,1628567240
Amapá,1.0,-52.0,21.27,97,15,0.21,BR,1628567570
Goulburn,-34.75,149.7167,14.8,57,0,7.81,AU,1628567570
Touros,-5.1989,-35.4608,23.5,81,32,5.46,BR,1628567245
Los Andes,-32.8337,-70.5983,4.71,54,0,0.89,CL,1628567570
Mount Gambier,-37.8333,140.7667,13.95,58,90,8.23,AU,1628567571
Mangai,-4.05,19.5333,21.05,71,0,0.24,CD,1628567571
Kukushtan,57.6464,56.4952,13.79,88,96,2.59,RU,1628567656
Tautira,-17.7333,-149.15,27.01,82,52,8.12,PF,1628567373
Ormara,25.2088,64.6357,27.1,80,97,4.97,PK,1628567657
Gizo Government Station,-8.103,156.8419,28.39,70,14,2.17,SB,1628567444
Codrington,-38.2667,141.9667,15.69,65,100,9.16,AU,1628567657
San Patricio,28.017,-97.5169,29.92,75,3,6.67,US,1628567658
Lensk,60.7253,114.9278,22.01,56,71,0.91,RU,1628567658
Ucluelet,48.9329,-125.5528,21.72,93,84,3.81,CA,1628567471
Bariloche,-41.1456,-71.3082,-2.14,74,0,1.54,AR,1628567381
Cabedelo,-6.9811,-34.8339,22.37,88,26,4.0,BR,1628567587
Methala,10.2166,76.2166,25.0,82,100,0.32,IN,1628567659
Were Īlu,10.6,39.4333,12.11,82,100,0.14,ET,1628567659
Issoire,45.55,3.25,12.59,85,95,1.97,FR,1628567660
Ilulissat,69.2167,-51.1,5.35,57,100,4.76,GL,1628567660
Taltal,-25.4,-70.4833,14.64,76,38,1.08,CL,1628567660
Atambua,-9.1061,124.8925,28.77,51,63,1.25,ID,1628567661
Maiduguri,11.8464,13.1603,23.71,84,96,2.8,NG,1628567661
San Quintín,30.4833,-115.95,20.0,87,7,4.1,MX,1628567473
Riverton,40.5219,-111.9391,25.13,36,1,0.45,US,1628567661
Dumabato,16.3167,121.7,32.03,56,100,1.01,PH,1628567662
Bairiki Village,1.3292,172.9752,31.0,62,20,4.63,KI,1628567444
Henties Bay,-22.116,14.2845,10.48,90,24,1.5,NA,1628567662
Dalbandin,28.8947,64.4101,33.03,19,0,1.75,PK,1628567663
Marawi,7.9986,124.2928,27.63,60,100,1.13,PH,1628567663
Mercedes,-34.6515,-59.4307,6.02,84,1,3.1,AR,1628567663
Puerto Escondido,15.85,-97.0667,26.99,84,100,4.21,MX,1628567664
Coyhaique,-45.5752,-72.0662,-1.03,86,0,1.03,CL,1628567664
Mayumba,-3.432,10.6554,22.76,87,59,1.66,GA,1628567664
Isfana,39.8386,69.5306,20.31,24,0,2.2,KG,1628567665
Cherskiy,68.75,161.3,21.24,42,73,5.55,RU,1628567487
Mmabatho,-25.85,25.6333,7.98,57,0,4.63,ZA,1628567665
Vostok,46.4856,135.8833,12.27,76,98,5.09,RU,1628567666
Gornopravdinsk,60.05,69.9,14.93,93,93,3.62,RU,1628567666
Carbonia,39.1672,8.5222,26.58,46,1,3.18,IT,1628567666
Ust-Nera,64.5667,143.2,26.75,33,56,1.76,RU,1628567667
Sørland,67.667,12.6934,13.35,91,100,3.35,NO,1628567667
Birao,10.2849,22.7882,20.34,98,28,2.29,CF,1628567668
Port-Gentil,-0.7193,8.7815,24.37,81,75,3.96,GA,1628567668
Prince Rupert,54.3161,-130.3201,14.83,85,90,1.54,CA,1628567253
Nome,64.5011,-165.4064,15.09,76,97,1.84,US,1628567668
Panguipulli,-39.6333,-72.3333,4.84,99,17,1.06,CL,1628567669
Liuzhou,24.3126,109.3892,32.47,64,99,4.23,CN,1628567669
Monte Patria,-30.6919,-70.9467,11.9,56,1,0.51,CL,1628567669
Palmer,42.1584,-72.3287,21.94,83,75,0.0,US,1628567241
Susanville,40.4163,-120.653,25.91,25,1,1.79,US,1628567434
Petropavlovsk-Kamchatskiy,53.0452,158.6483,16.33,55,75,5.0,RU,1628567670
Taksimo,56.3444,114.8794,15.41,99,100,1.41,RU,1628567670
Comodoro Rivadavia,-45.8667,-67.5,9.92,27,0,4.12,AR,1628567671
Santa Cruz de la Sierra,-17.8,-63.1667,23.7,41,20,7.2,BO,1628567462
Durango,24.8333,-104.8333,21.84,47,84,2.91,MX,1628567475
Jaru,-10.4389,-62.4664,25.38,43,16,0.8,BR,1628567634
Tateyama,34.9833,139.8667,34.01,72,0,13.45,JP,1628567436
Kawalu,-7.3817,108.2082,27.0,74,97,2.43,ID,1628567672
Avera,33.194,-82.5271,26.53,67,98,2.35,US,1628567672
Bjørnevatn,69.6672,29.9847,15.79,72,0,2.57,NO,1628567673
Cap Malheureux,-19.9842,57.6142,22.48,81,21,4.3,MU,1628567427
Safi,32.2994,-9.2372,19.06,84,6,4.06,MA,1628567673
Abhā,18.2164,42.5053,20.9,48,0,0.0,SA,1628567673
Wanaka,-44.7,169.15,8.39,74,73,2.31,NZ,1628567674
Stornoway,58.2093,-6.3865,12.74,87,90,2.57,GB,1628567674
Tura,25.5198,90.2201,27.52,86,100,3.34,IN,1628567443
Nouadhibou,20.931,-17.0347,20.99,78,0,8.23,MR,1628567675
Grand-Bourg,15.8835,-61.3148,25.97,82,100,8.34,GP,1628567675
Aksu,41.1231,80.2644,28.73,31,0,1.87,CN,1628567370
Nemuro,43.3236,145.575,13.24,92,100,18.45,JP,1628567675
Eyl,7.9803,49.8164,24.99,75,29,10.49,SO,1628567676
Katsuura,35.1333,140.3,34.06,71,0,13.51,JP,1628567676
Richards Bay,-28.783,32.0377,17.28,61,99,7.51,ZA,1628567676
Ulety,51.3572,112.4849,17.95,62,100,1.46,RU,1628567677
Otane,-39.8833,176.6333,13.89,57,6,3.05,NZ,1628567677
Kutulik,53.3508,102.7839,22.39,42,35,4.25,RU,1628567677
Yulin,22.6333,110.15,30.97,75,98,4.85,CN,1628567678
Laas,46.6166,10.7002,14.49,81,44,1.31,IT,1628567376
Mayya,61.7333,130.2811,28.62,21,38,2.85,RU,1628567678
Mikhaylovka,50.06,43.2379,27.61,19,71,5.39,RU,1628567679
Goderich,43.7501,-81.7165,25.18,73,51,3.09,CA,1628567679
Port Lincoln,-34.7333,135.8667,20.7,39,21,10.68,AU,1628567461
Talaya,61.3833,152.75,21.31,36,63,0.71,RU,1628567679
Braço do Norte,-28.275,-49.1656,18.31,71,31,1.09,BR,1628567680
Māngrol,21.1167,70.1167,28.07,74,100,4.88,IN,1628567680
Vila,42.0304,-8.1588,11.3,91,0,1.53,PT,1628567680
Sur,22.5667,59.5289,31.92,57,68,2.22,OM,1628567681
Talnakh,69.4865,88.3972,13.78,84,98,4.02,RU,1628567451
Lakes Entrance,-37.8811,147.981,20.1,49,0,1.88,AU,1628567681
Maxixe,-23.8597,35.3472,20.89,82,62,8.36,MZ,1628567682
Poyarkovo,49.6,128.6833,17.38,72,99,3.17,RU,1628567682
Kalmunai,7.4167,81.8167,30.13,58,97,1.57,LK,1628567682
Lewiston,44.1003,-70.2148,18.63,96,90,2.57,US,1628567683
Constitución,-35.3333,-72.4167,9.28,77,0,2.42,CL,1628567463
Mikuni,36.2171,136.1519,25.95,85,65,5.71,JP,1628567683
Flin Flon,54.7682,-101.865,14.32,80,98,2.54,CA,1628567684
Hatillo,18.4863,-66.8254,27.24,86,6,4.91,PR,1628567684
Livingstone,-17.8419,25.8543,13.59,36,0,1.49,ZM,1628567684
Karratha,-20.7377,116.8463,26.41,49,8,6.54,AU,1628567462
Le Port,-20.9373,55.2919,20.34,78,2,1.43,RE,1628567685
Okhotsk,59.3833,143.3,17.8,58,19,4.98,RU,1628567685
Chui,-33.6971,-53.4616,11.02,93,98,5.33,UY,1628567382
Ukiah,39.1502,-123.2078,24.65,55,0,1.04,US,1628567464
Souillac,-20.5167,57.5167,22.42,94,20,2.57,MU,1628567686
Byron Bay,-28.65,153.6167,20.98,47,27,3.32,AU,1628567372
Ballina,-28.8667,153.5667,21.02,56,29,5.14,AU,1628567686
Prudyanka,50.2361,36.1683,24.56,59,100,2.15,UA,1628567687
Khorixas,-20.3667,14.9667,15.94,25,1,3.17,NA,1628567687
Vardø,70.3705,31.1107,16.11,86,70,3.74,NO,1628567445
Karibib,-21.9333,15.8333,12.03,37,38,5.85,NA,1628567687
Terra Santa,-2.1042,-56.4869,24.34,63,7,1.13,BR,1628567688
Grindavik,63.8424,-22.4338,12.97,93,0,7.2,IS,1628567688
Porto Walter,-8.2686,-72.7439,24.39,63,31,0.26,BR,1628567689
Isangel,-19.55,169.2667,24.06,57,40,4.12,VU,1628567689
Road Town,18.4167,-64.6167,27.33,73,75,8.87,VG,1628567689
Manggar,-2.8833,108.2667,29.87,65,14,6.84,ID,1628567690
Airai,-8.9266,125.4092,22.72,53,68,1.35,TL,1628567375
Scottsbluff,41.8666,-103.6672,24.32,46,76,0.45,US,1628567690
Mount Isa,-20.7333,139.5,27.87,15,1,3.6,AU,1628567690
Aquiraz,-3.9014,-38.3911,27.05,84,25,6.87,BR,1628567538
Sedona,34.8697,-111.761,24.86,56,40,4.12,US,1628567596
Bodden Town,19.2833,-81.25,28.85,86,20,0.45,KY,1628567691
Beipiao,41.7919,120.7792,26.36,54,44,1.4,CN,1628567691
Bilibino,68.0546,166.4372,19.12,40,100,6.34,RU,1628567380
Kutum,14.2,24.6667,20.48,80,77,1.49,SD,1628567692
Voh,-20.9667,164.7,22.17,49,44,4.67,NC,1628567692
Rafai,4.95,23.9167,19.05,98,89,0.67,CF,1628567692
Poum,-20.2333,164.0167,21.58,61,85,7.3,NC,1628567693
Sobolevo,54.4299,31.8996,18.06,96,97,2.41,RU,1628567693
Marrakesh,31.6315,-8.0083,18.04,82,0,3.6,MA,1628567542
Chernyshevskiy,63.0128,112.4714,22.64,40,9,3.53,RU,1628567694
Oschersleben,52.0333,11.25,14.83,82,73,2.27,DE,1628567694
Neuquén,-38.9516,-68.0591,0.94,75,0,0.0,AR,1628567694
Saint-Augustin,51.226,-58.6502,13.23,84,44,5.66,CA,1628567478
Ekhabi,53.5102,142.9671,18.58,49,8,3.85,RU,1628567475
Beitbridge,-22.2167,30.0,15.96,68,12,13.37,ZW,1628567695
Alyangula,-13.8483,136.4192,29.93,48,8,6.17,AU,1628567695
Buraidah,26.326,43.975,28.25,12,0,2.3,SA,1628567135
Kieta,-6.2167,155.6333,28.59,72,7,2.59,PG,1628567696
Uvalde,29.3669,-99.767,29.52,72,1,7.72,US,1628567696
Yar-Sale,66.8333,70.8333,14.6,64,16,6.6,RU,1628567696
Kushima,31.4583,131.2333,31.73,55,78,3.29,JP,1628567697
Tagusao,9.1924,117.8141,30.8,64,100,1.62,PH,1628567697
Poptún,16.3311,-89.4169,20.08,96,87,1.51,GT,1628567697
Zhangye,38.9342,100.4517,29.15,17,100,6.85,CN,1628567698
Bandarbeyla,9.4942,50.8122,25.26,74,60,11.29,SO,1628567698
Kingman,35.1894,-114.053,34.71,19,0,1.79,US,1628567698
Paraná,-31.732,-60.5238,7.54,72,94,3.47,AR,1628567699
Manzanillo,20.3433,-77.1167,24.84,88,41,4.39,CU,1628567699
Caaguazú,-25.45,-56.0167,15.84,78,59,2.55,PY,1628567491
Teya,60.3778,92.6267,23.65,40,41,1.04,RU,1628567700
Lixouri,38.2019,20.4314,26.18,68,0,1.92,GR,1628567700
Yaan,7.3833,8.5667,21.35,97,100,1.61,NG,1628567472
Beringovskiy,63.05,179.3167,8.07,79,72,2.01,RU,1628567700
Oktyabr'skoye,43.0645,44.7417,19.08,88,12,2.0,RU,1628567701
Zelenoborskiy,66.845,32.3622,13.18,97,100,3.68,RU,1628567701
Solok,-0.7918,100.6593,25.53,69,100,0.7,ID,1628567701
Beloha,-25.1667,45.05,16.04,90,0,1.61,MG,1628567702
Boyuibe,-20.4167,-63.2833,11.83,58,75,5.03,BO,1628567704
Tikrit,34.6071,43.6782,31.96,29,0,4.28,IQ,1628567704
Tuy Hoa,13.0833,109.3,35.37,49,95,2.42,VN,1628567704
Arman',59.7,150.1667,18.89,56,10,3.23,RU,1628567705
Half Moon Bay,37.4636,-122.4286,22.44,83,1,0.0,US,1628567674
Ostrovnoy,68.0531,39.5131,13.88,88,100,4.43,RU,1628567445
Ridgecrest,35.6225,-117.6709,35.92,13,1,2.68,US,1628567705
Qaqortoq,60.7167,-46.0333,6.7,67,5,1.37,GL,1628567706
Lavrentiya,65.5833,-171.0,8.18,69,77,3.07,RU,1628567440
Shelburne,44.0787,-80.2041,23.94,86,79,3.28,CA,1628567706
Visby,57.6409,18.296,17.14,94,100,2.06,SE,1628567706
Fort Nelson,58.8053,-122.7002,17.77,45,40,7.2,CA,1628567707
Laguna,38.421,-121.4238,31.91,31,1,3.09,US,1628567707
Iğdır,39.9237,44.045,22.96,44,0,2.48,TR,1628567707
Praia,14.9215,-23.5087,25.3,83,75,6.17,CV,1628567708
Krasnovishersk,60.4078,57.082,12.85,87,6,1.59,RU,1628567708
Gumdag,39.2061,54.5906,34.73,9,2,6.69,TM,1628567708
Astoria,46.1879,-123.8313,17.14,84,70,0.89,US,1628567709
Aracati,-4.5617,-37.7697,24.65,72,21,5.13,BR,1628567709
Ambon City,-3.6954,128.1814,27.07,81,81,5.04,ID,1628567471
Cockburn Town,21.4612,-71.1419,28.01,77,100,9.01,TC,1628567710
Gigmoto,13.7796,124.39,27.79,79,100,1.76,PH,1628567710
Dwārka,22.2394,68.9678,27.82,72,100,6.34,IN,1628567379
Dumas,35.8656,-101.9732,30.3,32,1,6.69,US,1628567710
Chardara,41.2547,67.9692,25.91,29,0,2.3,KZ,1628567711
Zhezkazgan,47.8043,67.7144,23.79,48,43,4.58,KZ,1628567711
Mumford,5.2618,-0.759,22.94,94,95,3.16,GH,1628567711
Qandala,11.472,49.8728,31.45,51,1,2.59,SO,1628567712
Toora-Khem,52.4675,96.11,23.32,51,9,1.01,RU,1628567712
Minapasuk,10.6988,123.3536,23.39,85,100,0.95,PH,1628567712
Morgan City,29.6994,-91.2068,27.22,94,1,0.0,US,1628567713
Sola,-13.8833,167.55,26.37,78,75,5.14,VU,1628567713
Manjakandriana,-18.9167,47.8,9.83,87,1,0.85,MG,1628567713
Birjand,32.8663,59.2211,24.26,15,0,4.12,IR,1628567714
San Ignacio,17.1561,-89.0714,26.08,89,40,0.0,BZ,1628567714
Mackay,-21.15,149.2,23.36,64,40,8.75,AU,1628567714
Novodugino,55.6305,34.2842,17.0,86,11,2.75,RU,1628567715
Yārāda,17.65,83.2667,32.18,70,75,4.63,IN,1628567715
Haines Junction,60.7522,-137.5108,13.97,47,100,6.17,CA,1628567716
Santa Rosa,14.3122,121.1114,30.05,75,100,2.68,PH,1628567422
Kokopo,-4.352,152.2633,29.67,62,1,5.33,PG,1628567716
Areia Branca,-4.9561,-37.1369,23.81,79,1,6.3,BR,1628567716
Flagstaff,35.1981,-111.6513,19.81,74,1,2.06,US,1628567482
Moerai,-22.4333,-151.3333,23.13,63,71,5.42,PF,1628567717
Samoylovka,51.184,43.7081,26.65,29,96,3.97,RU,1628567717
Praia da Vitória,38.7333,-27.0667,22.14,83,75,2.53,PT,1628567483
Port Keats,-14.25,129.55,29.45,40,100,5.46,AU,1628567718
Yumen,40.2833,97.2,27.01,23,99,9.63,CN,1628567718
Kérouané,9.2667,-9.0167,20.59,98,96,1.53,GN,1628567718
Lüderitz,-26.6481,15.1594,13.82,55,0,3.42,NA,1628567719
Pacific Grove,36.6177,-121.9166,18.78,88,75,0.89,US,1628567139
Dukat,62.55,155.55,19.8,36,57,2.79,RU,1628567719
Caconda,-13.7333,15.0667,11.7,33,0,1.15,AO,1628567720
Flinders,-34.5833,150.8552,22.81,52,35,2.24,AU,1628567461
Naze,28.3667,129.4833,29.51,83,28,5.3,JP,1628567379
Solano,38.2333,-121.9511,24.48,58,1,7.72,US,1628567720
Najrān,17.4924,44.1277,27.36,22,89,0.85,SA,1628567720
Cartagena,10.3997,-75.5144,27.79,83,20,4.12,CO,1628567721
Kavieng,-2.5744,150.7967,29.06,68,20,3.72,PG,1628567721
Mogadishu,2.0371,45.3438,24.59,82,43,6.73,SO,1628567721
Ngunguru,-35.6167,174.5,15.65,58,6,5.55,NZ,1628567722
Chumikan,54.7183,135.315,15.3,65,20,4.97,RU,1628567722
Moose Factory,51.2585,-80.6094,14.0,94,90,3.09,CA,1628567723
Pitimbu,-7.4706,-34.8086,22.33,88,12,3.33,BR,1628567723
Elmadağ,39.9208,33.2308,15.92,67,80,2.37,TR,1628567723
Bhawana,31.5692,72.649,36.36,34,6,3.32,PK,1628567724
Kupino,54.3663,77.2981,19.59,80,83,5.24,RU,1628567724
Olkhovka,53.2115,60.6069,19.5,63,87,2.12,RU,1628567725
Miraflores,19.2167,-98.8083,13.23,89,37,1.85,MX,1628567725
Ondoy,11.8192,122.1261,24.91,85,100,1.89,PH,1628567725
Malbork,54.0359,19.0266,14.97,70,20,2.96,PL,1628567726
Kruisfontein,-34.0033,24.7314,7.61,65,4,3.15,ZA,1628567726
Arrondissement de Saint-Denis,48.9167,2.3333,17.64,92,100,1.54,FR,1628567726
Fuerte Olimpo,-21.0415,-57.8738,20.29,52,60,5.48,PY,1628567726
Kathmandu,27.7167,85.3167,25.12,83,75,2.06,NP,1628567515
Nioro,13.35,-15.75,24.47,94,72,1.82,GM,1628567727
Verkhoyansk,67.5447,133.385,29.48,19,97,2.68,RU,1628567727
Jambi City,-1.6,103.6167,28.91,72,95,2.02,ID,1628567728
Port-Cartier,50.0334,-66.8654,14.12,85,100,1.44,CA,1628567728
Joshīmath,30.5667,79.5667,25.04,78,72,2.09,IN,1628567728
Chapais,49.7834,-74.8492,17.88,97,100,2.37,CA,1628567729
Esso,55.9333,158.7,14.88,50,96,0.6,RU,1628567729
Aktas,49.7789,72.9608,16.86,66,84,6.66,KZ,1628567729
Loreto,22.2667,-101.9667,16.07,77,40,5.18,MX,1628567730
Grand Gaube,-20.0064,57.6608,22.43,81,22,4.23,MU,1628567456
Hambantota,6.1241,81.1185,30.19,70,20,5.66,LK,1628567730
Aktobe,50.2797,57.2072,22.05,56,0,3.0,KZ,1628567730
Aksha,50.2814,113.2867,21.42,51,100,1.29,RU,1628567731
Tilichiki,60.4667,166.1,18.91,41,88,2.3,RU,1628567731
Māndal,25.45,74.5667,28.69,68,63,5.08,IN,1628567731
Ranau,5.9538,116.6641,25.36,83,92,0.72,MY,1628567732
Manado,1.487,124.8455,30.43,66,40,1.54,ID,1628567590
Syracuse,37.0881,15.2792,30.34,43,0,2.14,IT,1628567457
Tsushima,35.1667,136.7167,32.38,55,51,6.33,JP,1628567733
Loudi,27.7344,111.9944,26.54,89,100,2.31,CN,1628567733
Marana,32.4367,-111.2254,30.3,75,1,0.0,US,1628567579
Te Anau,-45.4167,167.7167,6.94,95,100,1.52,NZ,1628567196
Manono,-7.3,27.4167,20.01,36,0,1.84,CD,1628567734
Ayan,56.45,138.1667,15.71,60,0,1.49,RU,1628567734
Ola,59.5833,151.2833,16.69,64,10,3.56,RU,1628567734
Vestmannaeyjar,63.4427,-20.2734,11.6,90,88,8.22,IS,1628567734
Guane,22.2025,-84.0875,25.74,71,4,2.48,CU,1628567735
Bathsheba,13.2167,-59.5167,25.34,94,75,2.57,BB,1628567479
São João da Barra,-21.6403,-41.0511,20.71,86,8,5.57,BR,1628567735
Tessalit,20.1986,1.0114,31.83,33,73,2.62,ML,1628567736
Wichian Buri,15.6578,101.106,30.99,67,100,2.52,TH,1628567736
Santa Maria do Suaçuí,-18.1903,-42.4142,15.38,86,70,0.08,BR,1628567736
Nago,26.5881,127.9761,30.24,75,45,5.44,JP,1628567737
Grass Valley,39.2191,-121.0611,27.21,43,1,0.45,US,1628567737
Avigliano,40.7329,15.72,23.55,47,1,2.5,IT,1628567737
Orchard Homes,46.8633,-114.0484,17.18,66,4,1.54,US,1628567734
Los Llanos de Aridane,28.6585,-17.9182,18.86,83,0,2.06,ES,1628567449
Hanstholm,57.1167,8.6167,13.62,84,100,2.95,DK,1628567738
Rūdbār,30.15,62.6,32.93,13,0,6.52,AF,1628567738
Lerwick,60.1545,-1.1494,13.0,95,100,4.02,GB,1628567738
Luganville,-15.5333,167.1667,23.79,82,100,7.93,VU,1628567739
Khorramshahr,30.4397,48.1664,33.98,24,0,6.17,IR,1628567739
Port Hardy,50.6996,-127.4199,16.1,82,75,0.0,CA,1628567739
Bay City,43.5945,-83.8889,24.97,83,1,3.6,US,1628567530
Khanbari,27.3747,87.2039,27.5,77,83,1.51,NP,1628567740
Carballo,43.213,-8.691,15.48,85,0,0.62,ES,1628567740
Pacifica,37.6138,-122.4869,22.34,85,20,2.68,US,1628567741
Suntar,62.1444,117.6319,21.67,61,99,2.12,RU,1628567303
Kumul,42.8,93.45,32.87,16,61,1.91,CN,1628567741
Delta,5.5,6.0,22.78,95,100,1.34,NG,1628567741
Buala,-8.145,159.5921,29.03,68,42,2.95,SB,1628567742
Emerald,-23.5333,148.1667,18.08,94,90,4.12,AU,1628567742
Sept-Îles,50.2001,-66.3821,14.29,95,90,3.09,CA,1628567702
Itarema,-2.9248,-39.9167,26.07,77,7,6.6,BR,1628567742
Ubinskoye,55.3068,79.6802,17.76,94,100,3.12,RU,1628567743
Chokwé,-24.5333,32.9833,18.32,72,59,6.96,MZ,1628567743
Porkhov,57.765,29.5561,9.94,92,3,1.38,RU,1628567743
Senador José Porfírio,-2.5908,-51.9542,23.8,73,14,0.88,BR,1628567744
Wukari,7.85,9.7833,21.2,96,100,2.02,NG,1628567744
San Andrés,12.5847,-81.7006,28.01,83,75,4.12,CO,1628567745
Garoowe,8.4054,48.4845,22.8,71,46,10.98,SO,1628567745
Suşehri,40.1644,38.0867,16.51,85,50,1.86,TR,1628567745
Tarazá,7.5836,-75.4007,23.51,98,99,1.01,CO,1628567746
Opuwo,-18.0607,13.84,14.39,23,3,1.55,NA,1628567486
Pontes e Lacerda,-15.2261,-59.3353,24.32,42,59,0.7,BR,1628567746
Rørvik,64.8621,11.2373,13.96,91,100,3.4,NO,1628567746
Erdenet,49.0333,104.0833,20.12,58,72,2.92,MN,1628567747
Miandrivazo,-19.5167,45.4667,19.22,43,0,1.04,MG,1628567747
Cascais,38.6979,-9.4215,17.25,73,0,4.92,PT,1628567748
Otautau,-46.15,168.0,10.25,95,100,3.43,NZ,1628567748
Port Townsend,48.117,-122.7605,20.65,83,1,4.92,US,1628567748
Yangjiang,21.85,111.9667,30.86,72,100,4.26,CN,1628567749
Jadu,31.953,12.0261,23.91,33,0,4.7,LY,1628567749
Gambiran,-6.7988,111.4951,31.32,51,51,3.13,ID,1628567749
Port Macquarie,-31.4333,152.9167,20.98,49,20,5.82,AU,1628567750
Pechenga,69.5259,31.1703,15.48,74,89,2.57,RU,1628567750
Jumla,29.2747,82.1838,20.82,83,92,1.39,NP,1628567750
Khovd,48.0056,91.6419,24.54,24,93,1.07,MN,1628567751
Kasungu,-13.0333,33.4833,13.3,63,0,1.28,MW,1628567751
Coruripe,-10.1256,-36.1756,22.71,88,85,3.18,BR,1628567751
Waipawa,-41.4122,175.5153,10.57,61,28,1.9,NZ,1628567752
Daru,-9.0763,143.2092,26.06,87,39,7.54,PG,1628567752
Clarence Town,-32.5833,151.7833,24.08,32,7,1.66,AU,1628567451
Nanortalik,60.1432,-45.2371,7.01,72,1,2.28,GL,1628567380
Oussouye,12.485,-16.5469,26.1,87,100,0.83,SN,1628567753
Darhan,49.4867,105.9228,22.66,51,9,3.26,MN,1628567753
Harar,9.3094,42.1258,15.31,84,93,2.25,ET,1628567753
Chibombo,-14.6569,28.0706,13.28,42,0,2.17,ZM,1628567754
Shelton,41.3165,-73.0932,22.34,91,75,0.0,US,1628567754
‘Ewa Beach,21.3156,-158.0072,29.65,57,1,5.14,US,1628567754
Booué,-0.0921,11.9385,21.05,89,59,1.24,GA,1628567755
Muli,2.9167,73.5667,28.06,75,99,5.69,MV,1628567437
Kananga,-5.8958,22.4178,20.75,68,27,1.16,CD,1628567755
Dourbali,11.8091,15.8632,23.44,87,100,2.79,TD,1628567756
Batagay,67.6333,134.6333,29.35,21,69,1.45,RU,1628567458
Bendigo,-36.7667,144.2833,17.7,42,1,0.89,AU,1628567756
Tyrma,50.0833,132.1667,20.97,47,46,2.45,RU,1628567756
Coachella,33.6803,-116.1739,38.97,40,1,1.34,US,1628567470
Kachīry,53.0675,76.1036,20.37,75,90,6.43,KZ,1628567757
Fengcheng,40.4536,124.0717,27.26,65,94,3.47,CN,1628567757
